STREET,CITY,ZIP,STATE,VALUATION LOW,VALUATION HIGH
14815 Ansford St,Hacienda Heights,91745,CA,,
942 Latchford Ave,Hacienda Heights,91745,CA,,
14838 Clark Ave,Hacienda Heights,91745,CA,,
841 Ridley Ave,Hacienda Heights,91745,CA,,
14809 Marwood St,Hacienda Heights,91745,CA,,
1531 Dunswell Ave,Hacienda Heights,91745,CA,,
948 Latchford Ave,Hacienda Heights,91745,CA,,
14814 Marwood St,Hacienda Heights,91745,CA,,
14808 Marwood St,Hacienda Heights,91745,CA,,
903 Ridley Ave,Hacienda Heights,91745,CA,,
14815 Marwood St,Hacienda Heights,91745,CA,,
14809 Marwood St,Hacienda Heights,91745,CA,,
808 Ridley Ave,Hacienda Heights,91745,CA,,
14823 Novak St,Hacienda Heights,91745,CA,,
906 Latchford Ave,Hacienda Heights,91745,CA,,
14821 Ansford St,Hacienda Heights,91745,CA,,
14832 Clark Ave,Hacienda Heights,91745,CA,,
14822 Clark Ave,Hacienda Heights,91745,CA,,
942 Latchford Ave,Hacienda Heights,91745,CA,,
14821 Novak St,Hacienda Heights,91745,CA,,
907 Ridley Ave,Hacienda Heights,91745,CA,,
1549 Forest Glen Dr,Hacienda Heights,91745,CA,,
14815 Marwood St,Hacienda Heights,91745,CA,,
960 Latchford Ave,Hacienda Heights,91745,CA,,
14808 Novak St,Hacienda Heights,91745,CA,,
14809 Marwood St,Hacienda Heights,91745,CA,,
14832 Clark Ave,Hacienda Heights,91745,CA,,
808 Ridley Ave,Hacienda Heights,91745,CA,,
14823 Novak St,Hacienda Heights,91745,CA,,
14815 Marwood St,Hacienda Heights,91745,CA,,
907 Ridley Ave,Hacienda Heights,91745,CA,,
942 Latchford Ave,Hacienda Heights,91745,CA,,
912 Latchford Ave,Hacienda Heights,91745,CA,,
14809 Marwood St,Hacienda Heights,91745,CA,,
942 Latchford Ave,Hacienda Heights,91745,CA,,
14853 Ansford St,Hacienda Heights,91745,CA,,
15743 Barletta Dr,Hacienda Heights,91745,CA,,
15763 Del Prado Dr,Hacienda Heights,91745,CA,,
3030 Leticia Dr,Hacienda Heights,91745,CA,,
15759 Barletta Dr,Hacienda Heights,91745,CA,,
15770 Del Prado Dr,Hacienda Heights,91745,CA,,
15745 Del Prado Dr,Hacienda Heights,91745,CA,,
15760 Del Prado Dr,Hacienda Heights,91745,CA,,
3132 Leticia Dr,Hacienda Heights,91745,CA,,
15712 Los Altos Dr,Hacienda Heights,91745,CA,,
15737 Del Prado Dr,Hacienda Heights,91745,CA,,
3024 Leticia Dr,Hacienda Heights,91745,CA,,
15760 Del Prado Dr,Hacienda Heights,91745,CA,,
15771 Del Prado Dr,Hacienda Heights,91745,CA,,
3106 Leticia Dr,Hacienda Heights,91745,CA,,